"Id","Path","Slice Name","Alias(s)","Label","Min","Max","Must Support?","Is Modifier?","Is Summary?","Type(s)","Short","Definition","Comments","Requirements","Default Value","Meaning When Missing","Fixed Value","Pattern","Example","Minimum Value","Maximum Value","Maximum Length","Binding Strength","Binding Description","Binding Value Set","Code","Slicing Discriminator","Slicing Description","Slicing Ordered","Slicing Rules","Base Path","Base Min","Base Max","Condition(s)","Constraint(s)","Mapping: RIM Mapping","Mapping: FiveWs Pattern Mapping","Mapping: HL7 v2 Mapping"
"AllergyIntolerance","AllergyIntolerance","","Allergy
IntoleranceAdverse Reaction","",0,*,"","","","null {[]} {[]}
","Allergy or Intolerance (generally: Risk of adverse reaction to a substance)","Risk of harmful or undesirable, physiological response which is unique to an individual and associated with exposure to a substance.","Substances include, but are not limited to: a therapeutic substance administered correctly at an appropriate dosage for the individual; food; material derived from plants or animals; or venom from insect stings.","","","","","","","","",,,,,"",,,,"AllergyIntolerance",0,*,"","ait-1:AllergyIntolerance.clinicalStatus SHALL be present if verificationStatus is not entered-in-error. {verificationStatus.coding.where(system = 'http://terminology.hl7.org/CodeSystem/allergyintolerance-verification' and code = 'entered-in-error').exists() or clinicalStatus.exists()}
ait-2:AllergyIntolerance.clinicalStatus SHALL NOT be present if verification Status is entered-in-error {verificationStatus.coding.where(system = 'http://terminology.hl7.org/CodeSystem/allergyintolerance-verification' and code = 'entered-in-error').empty() or clinicalStatus.empty()}dom-2:If the resource is contained in another resource, it SHALL NOT contain nested Resources {contained.contained.empty()}dom-3:If the resource is contained in another resource, it SHALL be referred to from elsewhere in the resource or SHALL refer to the containing resource {contained.where((('#'+id in (%resource.descendants().reference | %resource.descendants().as(canonical) | %resource.descendants().as(uri) | %resource.descendants().as(url))) or descendants().where(reference = '#').exists() or descendants().where(as(canonical) = '#').exists() or descendants().where(as(canonical) = '#').exists()).not()).trace('unmatched', id).empty()}dom-4:If a resource is contained in another resource, it SHALL NOT have a meta.versionId or a meta.lastUpdated {contained.meta.versionId.empty() and contained.meta.lastUpdated.empty()}dom-5:If a resource is contained in another resource, it SHALL NOT have a security label {contained.meta.security.empty()}dom-6:A resource should have narrative for robust management {text.`div`.exists()}","Entity. Role, or Act","Observation[classCode=OBS, moodCode=EVN]"
"AllergyIntolerance.id","AllergyIntolerance.id","","","",0,1,"","","Y","id {[]} {[]}
","Identificador lógico deste artefato.","Identificador lógico deste artefato.","The only time that a resource does not have an id is when it is being submitted to the server using a create operation.","","","","","","","","",,,,,"",,,,"Resource.id",0,1,"",""
"AllergyIntolerance.meta","AllergyIntolerance.meta","","","",0,1,"","","Y","Meta {[]} {[]}
","Metadados sobre o recurso","Metadados sobre o recurso","","","","","","","","","",,,,,"",,,,"Resource.meta",0,1,"","ele-1:All FHIR elements must have a @value or children {hasValue() or (children().count() > id.count())}
"
"AllergyIntolerance.implicitRules","AllergyIntolerance.implicitRules","","","",0,1,"","Y","Y","uri {[]} {[]}
","Conjunto de regras sob as quais este conteúdo foi criado","Conjunto de regras sob as quais este conteúdo foi criado","Asserting this rule set restricts the content to be only understood by a limited set of trading partners. This inherently limits the usefulness of the data in the long term. However, the existing health eco-system is highly fractured, and not yet ready to define, collect, and exchange data in a generally computable sense. Wherever possible, implementers and/or specification writers should avoid using this element. Often, when used, the URL is a reference to an implementation guide that defines these special rules as part of it's narrative along with other profiles, value sets, etc.","","","","","","","","",,,,,"",,,,"Resource.implicitRules",0,1,"","ele-1:All FHIR elements must have a @value or children {hasValue() or (children().count() > id.count())}
"
"AllergyIntolerance.language","AllergyIntolerance.language","","","",0,1,"","","","code {[]} {[]}
","Idioma do conteúdo do recurso","Idioma do conteúdo do recurso","Language is provided to support indexing and accessibility (typically, services such as text to speech use the language tag). The html language tag in the narrative applies  to the narrative. The language tag on the resource may be used to specify the language of other presentations generated from the data in the resource. Not all the content has to be in the base language. The Resource.language should not be assumed to apply to the narrative automatically. If a language is specified, it should it also be specified on the div element in the html (see rules in HTML5 for information about the relationship between xml:lang and the html lang attribute).","","","","","","","","",,"preferred","A human language.","http://hl7.org/fhir/ValueSet/languages","",,,,"Resource.language",0,1,"","ele-1:All FHIR elements must have a @value or children {hasValue() or (children().count() > id.count())}
"
"AllergyIntolerance.text","AllergyIntolerance.text","","narrative
htmlxhtmldisplay","",0,1,"","","","Narrative {[]} {[]}
","Resumo do texto do recurso em linguagem natural","Resumo do texto do recurso em linguagem natural","Contained resources do not have narrative. Resources that are not contained SHOULD have a narrative. In some cases, a resource may only have text with little or no additional discrete data (as long as all minOccurs=1 elements are satisfied).  This may be necessary for data from legacy systems where information is captured as a ""text blob"" or where text is additionally entered raw or narrated and encoded information is added later.","","","","","","","","",,,,,"",,,,"DomainResource.text",0,1,"","ele-1:All FHIR elements must have a @value or children {hasValue() or (children().count() > id.count())}
","Act.text?"
"AllergyIntolerance.contained","AllergyIntolerance.contained","","inline resources
anonymous resourcescontained resources","",0,*,"","","","Resource {[]} {[]}
","Recursos contidos em linha","Recursos contidos em linha","This should never be done when the content can be identified properly, as once identification is lost, it is extremely difficult (and context dependent) to restore it again. Contained resources may have profiles and tags In their meta elements, but SHALL NOT have security labels.","","","","","","","","",,,,,"",,,,"DomainResource.contained",0,*,"","","N/A"
"AllergyIntolerance.extension","AllergyIntolerance.extension","","","",0,*,"","","","Extension {[]} {[]}
","Extension","An Extension","","","","","","","","","",,,,,"","value:url}
","",,"open","DomainResource.extension",0,*,"","ele-1:All FHIR elements must have a @value or children {hasValue() or (children().count() > id.count())}
ext-1:Must have either extensions or value[x], not both {extension.exists() != value.exists()}"
"AllergyIntolerance.extension:abatement-datetime","AllergyIntolerance.extension","abatement-datetime","","",0,1,"","","","Extension {[CanonicalType[http://hl7.org/fhir/uv/ips/StructureDefinition/abatement-dateTime-uv-ips]]} {[]}
","URL de data e hora de redução da alergia.","URL de data e hora de redução","","","","","","","","","",,,,,"",,,,"DomainResource.extension",0,*,"ele-1
","ele-1:All FHIR elements must have a @value or children {hasValue() or (children().count() > id.count())}
ext-1:Must have either extensions or value[x], not both {extension.exists() != value.exists()}"
"AllergyIntolerance.modifierExtension","AllergyIntolerance.modifierExtension","","","",0,*,"","Y","","Extension {[]} {[]}
","Extensão que não pode ser ignorada","Extensão que não pode ser ignorada","","","","","","","","","",,,,,"",,,,"DomainResource.modifierExtension",0,*,"","ele-1:All FHIR elements must have a @value or children {hasValue() or (children().count() > id.count())}
ext-1:Must have either extensions or value[x], not both {extension.exists() != value.exists()}"
"AllergyIntolerance.identifier","AllergyIntolerance.identifier","","","",0,*,"","","Y","Identifier {[]} {[]}
","Identificadores externos para este item","Identificadores externos para este item","This is a business identifier, not a resource identifier (see [discussion](http://hl7.org/fhir/R4/resource.html#identifiers)).  It is best practice for the identifier to only appear on a single resource instance, however business practices may occasionally dictate that multiple resource instances with the same identifier can exist - possibly even with different resource types.  For example, multiple Patient and a Person resource instance might share the same social insurance number.","Allows identification of the AllergyIntolerance as it is known by various participating systems and in a way that remains consistent across servers.","","","","","","","",,,,,"",,,,"AllergyIntolerance.identifier",0,*,"","ele-1:All FHIR elements must have a @value or children {hasValue() or (children().count() > id.count())}
","id","FiveWs.identifier","IAM-7"
"AllergyIntolerance.clinicalStatus","AllergyIntolerance.clinicalStatus","","","",0,1,"","","","CodeableConcept {[CanonicalType[http://hl7.org/fhir/uv/ips/StructureDefinition/CodeableConcept-uv-ips]]} {[]}
","O estado clínico da alergia ou intolerância.","O estado clínico da alergia ou intolerância.","Not all terminology uses fit this general pattern. In some cases, models should not use CodeableConcept and use Coding directly and provide their own structure for managing text, codings, translations and the relationship between elements and pre- and post-coordination.","","","","","","","","",,"required","The clinical status of the allergy or intolerance.","http://hl7.org/fhir/ValueSet/allergyintolerance-clinical|4.0.1","",,,,"AllergyIntolerance.clinicalStatus",0,1,"ele-1
","ele-1:All FHIR elements must have a @value or children {hasValue() or (children().count() > id.count())}
","n/a","CD","CE/CNE/CWE"
"AllergyIntolerance.verificationStatus","AllergyIntolerance.verificationStatus","","","",0,1,"","","","CodeableConcept {[CanonicalType[http://hl7.org/fhir/uv/ips/StructureDefinition/CodeableConcept-uv-ips]]} {[]}
","Afirmação sobre a certeza associada a uma propensão, ou risco potencial, de uma reação à substância identificada.","Afirmação sobre a certeza associada a uma propensão, ou risco potencial, de uma reação à substância identificada.","In the scope of the IPS the entered-in-error concept is not allowed.","","","","","","","","",,"required","Assertion about certainty associated with a propensity, or potential risk, of a reaction to the identified substance.","http://hl7.org/fhir/ValueSet/allergyintolerance-verification|4.0.1","",,,,"AllergyIntolerance.verificationStatus",0,1,"ele-1
","ele-1:All FHIR elements must have a @value or children {hasValue() or (children().count() > id.count())}
","n/a","CD","CE/CNE/CWE"
"AllergyIntolerance.type","AllergyIntolerance.type","","Category
Class","",0,1,"Y","","Y","code {[]} {[]}
","Tipo da reação: Alergia | intolerância - Mecanismo subjacente (se conhecido)","Identificação do mecanismo fisiológico subjacente a um Risco de Reação.","Allergic (typically immune-mediated) reactions have been traditionally regarded as an indicator for potential escalation to significant future risk. Contemporary knowledge suggests that some reactions previously thought to be immune-mediated are, in fact, non-immune, but in some cases can still pose a life threatening risk. It is acknowledged that many clinicians might not be in a position to distinguish the mechanism of a particular reaction. Often the term ""allergy"" is used rather generically and may overlap with the use of ""intolerance"" - in practice the boundaries between these two concepts might not be well-defined or understood. This data element is included nevertheless, because many legacy systems have captured this attribute. Immunologic testing may provide supporting evidence for the basis of the reaction and the causative substance, but no tests are 100% sensitive or specific for sensitivity to a particular substance. If, as is commonly the case, it is unclear whether the reaction is due to an allergy or an intolerance, then the type element should be omitted from the resource.","","","","","","","","",,"required","Identification of the underlying physiological mechanism for a Reaction Risk.","http://hl7.org/fhir/ValueSet/allergy-intolerance-type|4.0.1","",,,,"AllergyIntolerance.type",0,1,"","ele-1:All FHIR elements must have a @value or children {hasValue() or (children().count() > id.count())}
","code","FiveWs.class","IAM-9"
"AllergyIntolerance.category","AllergyIntolerance.category","","Category
TypeReaction TypeClass","",0,*,"","","Y","code {[]} {[]}
","Categoria de uma substância identificada associada a alergias ou intolerâncias: comida | medicamento | ambiente | biológico","Categoria de uma substância identificada associada a alergias ou intolerâncias.","This data element has been included because it is currently being captured in some clinical systems. This data can be derived from the substance where coding systems are used, and is effectively redundant in that situation.  When searching on category, consider the implications of AllergyIntolerance resources without a category.  For example, when searching on category = medication, medication allergies that don't have a category valued will not be returned.  Refer to [search](http://hl7.org/fhir/R4/search.html) for more information on how to search category with a :missing modifier to get allergies that don't have a category.  Additionally, category should be used with caution because category can be subjective based on the sender.","","","","","","","","",,"required","Category of an identified substance associated with allergies or intolerances.","http://hl7.org/fhir/ValueSet/allergy-intolerance-category|4.0.1","",,,,"AllergyIntolerance.category",0,*,"","ele-1:All FHIR elements must have a @value or children {hasValue() or (children().count() > id.count())}
","value < IntoleranceValue (Agent)","FiveWs.class","AL1-2"
"AllergyIntolerance.criticality","AllergyIntolerance.criticality","","Severity
SeriousnessContra-indicationRisk","",0,1,"","","Y","code {[]} {[]}
","Criticalidade da reação: baixo | alto | incapaz de avaliar","Estimativa do dano clínico potencial, ou gravidade, de uma reação a uma substância identificada.","The default criticality value for any propensity to an adverse reaction should be 'Low Risk', indicating at the very least a relative contraindication to deliberate or voluntary exposure to the substance. 'High Risk' is flagged if the clinician has identified a propensity for a more serious or potentially life-threatening reaction, such as anaphylaxis, and implies an absolute contraindication to deliberate or voluntary exposure to the substance. If this element is missing, the criticality is unknown (though it may be known elsewhere).  Systems that capture a severity at the condition level are actually representing the concept of criticality whereas the severity documented at the reaction level is representing the true reaction severity.  Existing systems that are capturing both condition criticality and reaction severity may use the term ""severity"" to represent both.  Criticality is the worst it could be in the future (i.e. situation-agnostic) whereas severity is situation-dependent.","","","","","","","","",,"required","Estimate of the potential clinical harm, or seriousness, of a reaction to an identified substance.","http://hl7.org/fhir/ValueSet/allergy-intolerance-criticality|4.0.1","",,,,"AllergyIntolerance.criticality",0,1,"","ele-1:All FHIR elements must have a @value or children {hasValue() or (children().count() > id.count())}
","inboundRelationship[typeCode=SUBJ].source[classCode=OBS, moodCode=EVN, code=SEV, value <= SeverityObservation (Severity Level)]","FiveWs.grade","AL1-4"
"AllergyIntolerance.code","AllergyIntolerance.code","","","",0,1,"Y","","","CodeableConcept {[CanonicalType[http://hl7.org/fhir/uv/ips/StructureDefinition/CodeableConcept-uv-ips]]} {[]}
","Código do conceito referenciando o IPS","Tipo de substância/produto, condição de alergia ou intolerância ou ou código para alergia ausente/desconhecida.","Not all terminology uses fit this general pattern. In some cases, models should not use CodeableConcept and use Coding directly and provide their own structure for managing text, codings, translations and the relationship between elements and pre- and post-coordination.","","","","","","","","",,"required","","http://www.saude.gov.br/fhir/r4/ValueSet/BRAlergenos-1.0","",,,,"AllergyIntolerance.code",0,1,"ele-1
","ele-1:All FHIR elements must have a @value or children {hasValue() or (children().count() > id.count())}
","n/a","CD","CE/CNE/CWE"
"AllergyIntolerance.patient","AllergyIntolerance.patient","","Patient
","",1,1,"Y","","Y","Reference {[]} {[CanonicalType[https://br-core.saude.gov.br/fhir/StructureDefinition/br-core-patient]]}
","Dados do paciente","Referência do paciente","","","","","","","","","",,,,,"",,,,"AllergyIntolerance.patient",1,1,"","ele-1:All FHIR elements must have a @value or children {hasValue() or (children().count() > id.count())}
",".participation[typeCode=SBJ].role[classCode=PAT]","FiveWs.subject[x]","FiveWs.subject","(PID-3)"
"AllergyIntolerance.patient.id","AllergyIntolerance.patient.id","","","",0,1,"","","","string {[]} {[]}
","Identificador exclusivo para referência entre elementos","Identificador exclusivo para referência entre elementos","","","","","","","","","",,,,,"",,,,"Element.id",0,1,"","","n/a"
"AllergyIntolerance.patient.extension","AllergyIntolerance.patient.extension","","","",0,*,"","","","Extension {[]} {[]}
","Conteúdo adicional definido por implementações.","Conteúdo adicional definido por implementações.","","","","","","","","","",,,,,"","value:url}
","Extensions are always sliced by (at least) url",,"open","Element.extension",0,*,"","ele-1:All FHIR elements must have a @value or children {hasValue() or (children().count() > id.count())}
ext-1:Must have either extensions or value[x], not both {extension.exists() != value.exists()}"
"AllergyIntolerance.patient.reference","AllergyIntolerance.patient.reference","","","",1,1,"Y","","Y","string {[]} {[]}
","Referência literal, URL relativa, interna ou absoluta","Referência literal, URL relativa, interna ou absoluta","Using absolute URLs provides a stable scalable approach suitable for a cloud/web context, while using relative/logical references provides a flexible approach suitable for use when trading across closed eco-system boundaries.   Absolute URLs do not need to point to a FHIR RESTful server, though this is the preferred approach. If the URL conforms to the structure ""/[type]/[id]"" then it should be assumed that the reference is to a FHIR RESTful server.","","","","","","","","",,,,,"",,,,"Reference.reference",0,1,"ref-1
","ele-1:All FHIR elements must have a @value or children {hasValue() or (children().count() > id.count())}
","N/A"
"AllergyIntolerance.patient.type","AllergyIntolerance.patient.type","","","",0,1,"","","Y","uri {[]} {[]}
","Tipo ao qual a referência se refere (por exemplo: Paciente).","Tipo ao qual a referência se refere (por exemplo: Paciente).","This element is used to indicate the type of  the target of the reference. This may be used which ever of the other elements are populated (or not). In some cases, the type of the target may be determined by inspection of the reference (e.g. a RESTful URL) or by resolving the target of the reference; if both the type and a reference is provided, the reference SHALL resolve to a resource of the same type as that specified.","","","","","","","","",,"extensible","Aa resource (or, for logical models, the URI of the logical model).","http://hl7.org/fhir/ValueSet/resource-types","",,,,"Reference.type",0,1,"","ele-1:All FHIR elements must have a @value or children {hasValue() or (children().count() > id.count())}
","N/A"
"AllergyIntolerance.patient.identifier","AllergyIntolerance.patient.identifier","","","",0,1,"","","Y","Identifier {[]} {[]}
","Referência lógica, quando a referência literal não é conhecida.","Referência lógica, quando a referência literal não é conhecida.","When an identifier is provided in place of a reference, any system processing the reference will only be able to resolve the identifier to a reference if it understands the business context in which the identifier is used. Sometimes this is global (e.g. a national identifier) but often it is not. For this reason, none of the useful mechanisms described for working with references (e.g. chaining, includes) are possible, nor should servers be expected to be able resolve the reference. Servers may accept an identifier based reference untouched, resolve it, and/or reject it - see CapabilityStatement.rest.resource.referencePolicy. 

When both an identifier and a literal reference are provided, the literal reference is preferred. Applications processing the resource are allowed - but not required - to check that the identifier matches the literal reference

Applications converting a logical reference to a literal reference may choose to leave the logical reference present, or remove it.

Reference is intended to point to a structure that can potentially be expressed as a FHIR resource, though there is no need for it to exist as an actual FHIR resource instance - except in as much as an application wishes to actual find the target of the reference. The content referred to be the identifier must meet the logical constraints implied by any limitations on what resource types are permitted for the reference.  For example, it would not be legitimate to send the identifier for a drug prescription if the type were Reference(Observation|DiagnosticReport).  One of the use-cases for Reference.identifier is the situation where no FHIR representation exists (where the type is Reference (Any).","","","","","","","","",,,,,"",,,,"Reference.identifier",0,1,"","ele-1:All FHIR elements must have a @value or children {hasValue() or (children().count() > id.count())}
",".identifier"
"AllergyIntolerance.patient.display","AllergyIntolerance.patient.display","","","",0,1,"","","Y","string {[]} {[]}
","Texto alternativo para o recurso.","Texto alternativo para o recurso.","This is generally not the same as the Resource.text of the referenced resource.  The purpose is to identify what's being referenced, not to fully describe it.","","","","","","","","",,,,,"",,,,"Reference.display",0,1,"","ele-1:All FHIR elements must have a @value or children {hasValue() or (children().count() > id.count())}
","N/A"
"AllergyIntolerance.encounter","AllergyIntolerance.encounter","","","",0,1,"","","","Reference {[]} {[CanonicalType[http://hl7.org/fhir/StructureDefinition/Encounter]]}
","Quando a alergia ou intolerância foi afirmada","Quando a alergia ou intolerância foi afirmada","","","","","","","","","",,,,,"",,,,"AllergyIntolerance.encounter",0,1,"","ele-1:All FHIR elements must have a @value or children {hasValue() or (children().count() > id.count())}
",".inboundRelationship[typeCode=COMP].source[classCode=ENC, moodCode=EVN]","FiveWs.context"
"AllergyIntolerance.onset[x]","AllergyIntolerance.onset[x]","","","",0,1,"Y","","","dateTime {[]} {[]}
Age {[]} {[]}Period {[]} {[]}Range {[]} {[]}string {[]} {[]}","Quando a alergia ou a intolerância foi identificada","Quando a alergia ou a intolerância foi identificada","","","","","","","","","",,,,,"",,,,"AllergyIntolerance.onset[x]",0,1,"","ele-1:All FHIR elements must have a @value or children {hasValue() or (children().count() > id.count())}
","effectiveTime.low","FiveWs.init"
"AllergyIntolerance.recordedDate","AllergyIntolerance.recordedDate","","","",0,1,"","","","dateTime {[]} {[]}
","Data em que a primeira versão da instância do recurso foi registrada.","Data em que a primeira versão da instância do recurso foi registrada.","","","","","","","","","",,,,,"",,,,"AllergyIntolerance.recordedDate",0,1,"","ele-1:All FHIR elements must have a @value or children {hasValue() or (children().count() > id.count())}
",".participation[typeCode=AUT].time","FiveWs.recorded","IAM-13"
"AllergyIntolerance.recorder","AllergyIntolerance.recorder","","Author
","",0,1,"","","","Reference {[]} {[CanonicalType[https://br-core.saude.gov.br/fhir/StructureDefinition/br-core-practitioner], CanonicalType[https://br-core.saude.gov.br/fhir/StructureDefinition/br-core-practitioner-role], CanonicalType[https://br-core.saude.gov.br/fhir/StructureDefinition/br-core-patient], CanonicalType[http://hl7.org/fhir/StructureDefinition/RelatedPerson]]}
","Quem registrou a sensibilidade.","Quem registrou a sensibilidade.","","","","","","","","","",,,,,"",,,,"AllergyIntolerance.recorder",0,1,"","ele-1:All FHIR elements must have a @value or children {hasValue() or (children().count() > id.count())}
",".participation[typeCode=AUT].role","FiveWs.author"
"AllergyIntolerance.asserter","AllergyIntolerance.asserter","","Source
Informant","",0,1,"","","Y","Reference {[]} {[CanonicalType[https://br-core.saude.gov.br/fhir/StructureDefinition/br-core-practitioner], CanonicalType[https://br-core.saude.gov.br/fhir/StructureDefinition/br-core-practitioner-role], CanonicalType[https://br-core.saude.gov.br/fhir/StructureDefinition/br-core-patient], CanonicalType[http://hl7.org/fhir/StructureDefinition/RelatedPerson]]}
","Fonte da informação sobre a alergia.","Fonte da informação sobre a alergia.","The recorder takes responsibility for the content, but can reference the source from where they got it.","","","","","","","","",,,,,"",,,,"AllergyIntolerance.asserter",0,1,"","ele-1:All FHIR elements must have a @value or children {hasValue() or (children().count() > id.count())}
",".participation[typeCode=INF].role","FiveWs.source","IAM-14 (if patient) / IAM-18 (if practitioner)"
"AllergyIntolerance.lastOccurrence","AllergyIntolerance.lastOccurrence","","","",0,1,"","","","dateTime {[]} {[]}
","Data (/hora) da última ocorrência conhecida de uma reação.","Data (/hora) da última ocorrência conhecida de uma reação.","This date may be replicated by one of the Onset of Reaction dates. Where a textual representation of the date of last occurrence is required e.g. 'In Childhood, '10 years ago' the Comment element should be used.","","","","","","","","",,,,,"",,,,"AllergyIntolerance.lastOccurrence",0,1,"","ele-1:All FHIR elements must have a @value or children {hasValue() or (children().count() > id.count())}
","outBoundRelationship[typeCode=SUBJ].target[classCode=OBS, moodCode=EVN, code <= CommonClinicalObservationType, value <= ObservationValue (Reaction Type)].effectiveTime"
"AllergyIntolerance.note","AllergyIntolerance.note","","","",0,*,"","","","Annotation {[]} {[]}
","Texto adicional não capturado em outros campos.","Texto adicional não capturado em outros campos..","For example: including reason for flagging a seriousness of 'High Risk'; and instructions related to future exposure or administration of the substance, such as administration within an Intensive Care Unit or under corticosteroid cover. The notes should be related to an allergy or intolerance as a condition in general and not related to any particular episode of it. For episode notes and descriptions, use AllergyIntolerance.event.description and  AllergyIntolerance.event.notes.","","","","","","","","",,,,,"",,,,"AllergyIntolerance.note",0,*,"","ele-1:All FHIR elements must have a @value or children {hasValue() or (children().count() > id.count())}
","subjectOf.observationEvent[code=""annotation""].value"
"AllergyIntolerance.reaction","AllergyIntolerance.reaction","","","",0,*,"Y","","","BackboneElement {[]} {[]}
","Eventos de reação adversa relacionados à exposição da substância","Eventos de reação adversa relacionados à exposição da substância","","","","","","","","","",,,,,"",,,,"AllergyIntolerance.reaction",0,*,"","ele-1:All FHIR elements must have a @value or children {hasValue() or (children().count() > id.count())}
","outBoundRelationship[typeCode=SUBJ].target[classCode=OBS, moodCode=EVN, code <= CommonClinicalObservationType, value <= ObservationValue (Reaction Type)]"
"AllergyIntolerance.reaction.id","AllergyIntolerance.reaction.id","","","",0,1,"","","","string {[]} {[]}
","ID exclusivo para referência entre elementos.","ID exclusivo para referência entre elementos.","","","","","","","","","",,,,,"",,,,"Element.id",0,1,"","","n/a"
"AllergyIntolerance.reaction.extension","AllergyIntolerance.reaction.extension","","","",0,*,"","","","Extension {[]} {[]}
","Extensões que não podem ser ignoradas mesmo que não sejam reconhecidas.","Extensões que não podem ser ignoradas mesmo que não sejam reconhecidas.","","","","","","","","","",,,,,"",,,,"Element.extension",0,*,"","ele-1:All FHIR elements must have a @value or children {hasValue() or (children().count() > id.count())}
ext-1:Must have either extensions or value[x], not both {extension.exists() != value.exists()}"
"AllergyIntolerance.reaction.modifierExtension","AllergyIntolerance.reaction.modifierExtension","","","",0,*,"","Y","Y","Extension {[]} {[]}
","Conteúdo adicional definido por implementações.","Conteúdo adicional definido por implementações.","","","","","","","","","",,,,,"",,,,"BackboneElement.modifierExtension",0,*,"","ele-1:All FHIR elements must have a @value or children {hasValue() or (children().count() > id.count())}
ext-1:Must have either extensions or value[x], not both {extension.exists() != value.exists()}"
"AllergyIntolerance.reaction.substance","AllergyIntolerance.reaction.substance","","","",0,1,"","","","CodeableConcept {[]} {[]}
","Substância específica ou produto farmacêutico considerado responsável pelo evento.","Substância específica ou produto farmacêutico considerado responsável pelo evento.","Coding of the specific substance (or pharmaceutical product) with a terminology capable of triggering decision support should be used wherever possible.  The 'code' element allows for the use of a specific substance or pharmaceutical product, or a group or class of substances. In the case of an allergy or intolerance to a class of substances, (for example, ""penicillins""), the 'reaction.substance' element could be used to code the specific substance that was identified as having caused the reaction (for example, ""amoxycillin""). Duplication of the value in the 'code' and 'reaction.substance' elements is acceptable when a specific substance has been recorded in 'code'.","","","","","","","","",,"example","Codes defining the type of the substance (including pharmaceutical products).","http://hl7.org/fhir/ValueSet/substance-code","",,,,"AllergyIntolerance.reaction.substance",0,1,"","ele-1:All FHIR elements must have a @value or children {hasValue() or (children().count() > id.count())}
","outBoundRelationship[typeCode=SAS].target[classCode=SBADM, code <= ExposureCode].participation[typeCode=CSM].role[classCode=ADMM].player[classCode=MAT, determinerCode=KIND, code <= ExposureAgentEntityType]"
"AllergyIntolerance.reaction.manifestation","AllergyIntolerance.reaction.manifestation","","","",1,*,"Y","","","CodeableConcept {[CanonicalType[http://hl7.org/fhir/uv/ips/StructureDefinition/CodeableConcept-uv-ips]]} {[]}
","Código para a manifestação de reação de alergia ou intolerância do subconjunto SNOMED International Patient Set (IPS) do SNOMED CT (IPS Free Set).","Código para a manifestação de reação de alergia ou intolerância do subconjunto SNOMED IPS do SNOMED CT (IPS Free Set).","Not all terminology uses fit this general pattern. In some cases, models should not use CodeableConcept and use Coding directly and provide their own structure for managing text, codings, translations and the relationship between elements and pre- and post-coordination.","","","","","","","","",,"required","","http://www.saude.gov.br/fhir/r4/ValueSet/BRReacoesAdversasMedDRA-1.0","",,,,"AllergyIntolerance.reaction.manifestation",1,*,"ele-1
","ele-1:All FHIR elements must have a @value or children {hasValue() or (children().count() > id.count())}
","n/a","CD","CE/CNE/CWE"
"AllergyIntolerance.reaction.description","AllergyIntolerance.reaction.description","","Narrative
Text","",0,1,"","","","string {[]} {[]}
","Descrição do evento como um todo.","Descrição do evento como um todo.","Use the description to provide any details of a particular event of the occurred reaction such as circumstances, reaction specifics, what happened before/after. Information, related to the event, but not describing a particular care should be captured in the comment field. For example: at the age of four, the patient was given penicillin for strep throat and subsequently developed severe hives.","","","","","","","","",,,,,"",,,,"AllergyIntolerance.reaction.description",0,1,"","ele-1:All FHIR elements must have a @value or children {hasValue() or (children().count() > id.count())}
","text"
"AllergyIntolerance.reaction.onset","AllergyIntolerance.reaction.onset","","","",0,1,"","","","dateTime {[]} {[]}
","Data (/hora) em que as manifestações apareceram","Data (/hora) em que as manifestações apareceram.","","","","","","","","","",,,,,"",,,,"AllergyIntolerance.reaction.onset",0,1,"","ele-1:All FHIR elements must have a @value or children {hasValue() or (children().count() > id.count())}
","effectiveTime.low","AL1-6"
"AllergyIntolerance.reaction.severity","AllergyIntolerance.reaction.severity","","","",0,1,"Y","","","code {[]} {[]}
","Avaliação clínica da gravidade de um evento de reação: leve | moderado | grave (do evento como um todo)","mild | moderate | severe (of event as a whole)","It is acknowledged that this assessment is very subjective. There may be some specific practice domains where objective scales have been applied. Objective scales can be included in this model as extensions.","","","","","","","","",,"required","Clinical assessment of the severity of a reaction event as a whole, potentially considering multiple different manifestations.","http://hl7.org/fhir/ValueSet/reaction-event-severity|4.0.1","",,,,"AllergyIntolerance.reaction.severity",0,1,"","ele-1:All FHIR elements must have a @value or children {hasValue() or (children().count() > id.count())}
","inboundRelationship[typeCode=SUBJ].source[classCode=OBS, moodCode=EVN, code=SEV, value <= SeverityObservation (Severity Level)]"
"AllergyIntolerance.reaction.exposureRoute","AllergyIntolerance.reaction.exposureRoute","","","",0,1,"","","","CodeableConcept {[]} {[]}
","Como o sujeito foi exposto à substância.","Como o sujeito foi exposto à substância.","Coding of the route of exposure with a terminology should be used wherever possible.","","","","","","","","",,"required","","http://hl7.org/fhir/uv/ips/ValueSet/medicine-route-of-administration","",,,,"AllergyIntolerance.reaction.exposureRoute",0,1,"","ele-1:All FHIR elements must have a @value or children {hasValue() or (children().count() > id.count())}
","outBoundRelationship[typeCode=SAS].target[classCode=SBADM, code <= ExposureCode].routeCode"
"AllergyIntolerance.reaction.note","AllergyIntolerance.reaction.note","","","",0,*,"","","","Annotation {[]} {[]}
","Text about event not captured in other fields","Texto sobre evento não capturado em outros campos.","Use this field to record information indirectly related to a particular event and not captured in the description. For example: Clinical records are no longer available, recorded based on information provided to the patient by her mother and her mother is deceased.","","","","","","","","",,,,,"",,,,"AllergyIntolerance.reaction.note",0,*,"","ele-1:All FHIR elements must have a @value or children {hasValue() or (children().count() > id.count())}
","subjectOf.observationEvent[code=""annotation""].value"
