URL,Version,Status,OIDs,Name,Title,Descriptino,Uses,Used,Sources
http://hl7.org/fhir/ValueSet/address-type,4.0.1,active,"2.16.840.1.113883.4.642.3.69",AddressType,AddressType,"The type of an address (physical / postal).","StructureDefinition/br-core-patient","hl7.fhir.r4.core"
http://hl7.org/fhir/ValueSet/address-use,4.0.1,active,"2.16.840.1.113883.4.642.3.67",AddressUse,AddressUse,"The use of an address.","StructureDefinition/br-core-patient","hl7.fhir.r4.core"
http://hl7.org/fhir/ValueSet/administrative-gender,4.0.1,active,"2.16.840.1.113883.4.642.3.1",AdministrativeGender,AdministrativeGender,"The gender of a person used for administrative purposes.","StructureDefinition/br-core-practitioner,StructureDefinition/br-core-patient","hl7.fhir.r4.core"
http://hl7.org/fhir/ValueSet/allergy-intolerance-category,4.0.1,draft,"2.16.840.1.113883.4.642.3.133",AllergyIntoleranceCategory,AllergyIntoleranceCategory,"Category of an identified substance associated with allergies or intolerances.","StructureDefinition/br-core-allergy-intolerance","hl7.fhir.r4.core"
http://hl7.org/fhir/ValueSet/allergy-intolerance-criticality,4.0.1,draft,"2.16.840.1.113883.4.642.3.129",AllergyIntoleranceCriticality,AllergyIntoleranceCriticality,"Estimate of the potential clinical harm, or seriousness, of a reaction to an identified substance.","StructureDefinition/br-core-allergy-intolerance","hl7.fhir.r4.core"
http://hl7.org/fhir/ValueSet/allergy-intolerance-type,4.0.1,draft,"2.16.840.1.113883.4.642.3.131",AllergyIntoleranceType,AllergyIntoleranceType,"Identification of the underlying physiological mechanism for a Reaction Risk.","StructureDefinition/br-core-allergy-intolerance","hl7.fhir.r4.core"
http://hl7.org/fhir/ValueSet/allergyintolerance-clinical,4.0.1,draft,"2.16.840.1.113883.4.642.3.1372",AllergyIntoleranceClinicalStatusCodes,AllergyIntolerance Clinical Status Codes,"Preferred value set for AllergyIntolerance Clinical Status.","StructureDefinition/br-core-allergy-intolerance","THO"
http://hl7.org/fhir/ValueSet/allergyintolerance-verification,4.0.1,draft,"2.16.840.1.113883.4.642.3.1370",AllergyIntoleranceVerificationStatusCodes,AllergyIntolerance Verification Status Codes,"Preferred value set for AllergyIntolerance Verification Status.","StructureDefinition/br-core-allergy-intolerance","THO"
http://hl7.org/fhir/ValueSet/c80-practice-codes,4.0.1,active,"2.16.840.1.113883.3.88.12.80.72",PracticeSettingCodeValueSet,Practice Setting Code Value Set,"This is the code representing the clinical specialty of the clinician or provider who interacted with, treated, or provided a service to/for the patient. The value set used for clinical specialty has been limited by HITSP to the value set reproduced from HITSP C80 Table 2-149 Clinical Specialty Value Set Definition.","StructureDefinition/br-core-practitioner-role","SCT"
http://hl7.org/fhir/ValueSet/contact-point-system,4.0.1,active,"2.16.840.1.113883.4.642.3.71",ContactPointSystem,ContactPointSystem,"Telecommunications form for contact point.","StructureDefinition/br-core-patient","hl7.fhir.r4.core"
http://hl7.org/fhir/ValueSet/contact-point-use,4.0.1,active,"2.16.840.1.113883.4.642.3.73",ContactPointUse,ContactPointUse,"Use of contact point.","StructureDefinition/br-core-patient","hl7.fhir.r4.core"
http://hl7.org/fhir/ValueSet/days-of-week,4.0.1,active,"2.16.840.1.113883.4.642.3.512",DaysOfWeek,DaysOfWeek,"The days of the week.","StructureDefinition/br-core-practitioner-role","hl7.fhir.r4.core"
http://hl7.org/fhir/ValueSet/identifier-type,4.0.1,active,"2.16.840.1.113883.4.642.3.45",Identifier Type Codes,IdentifierType,"A coded type for an identifier that can be used to determine which identifier to use for a specific purpose.","StructureDefinition/br-core-practitioner,StructureDefinition/br-core-practitioner-role,StructureDefinition/br-core-patient","THO (V2)"
http://hl7.org/fhir/ValueSet/identifier-use,4.0.1,active,"2.16.840.1.113883.4.642.3.57",IdentifierUse,IdentifierUse,"Identifies the purpose for this identifier, if known .","StructureDefinition/br-core-practitioner,StructureDefinition/br-core-practitioner-role,StructureDefinition/br-core-patient","hl7.fhir.r4.core"
http://hl7.org/fhir/ValueSet/languages,4.0.1,draft,"2.16.840.1.113883.4.642.3.20",CommonLanguages,Common Languages,"This value set includes common codes from BCP-47 (http://tools.ietf.org/html/bcp47)","StructureDefinition/br-core-allergy-intolerance,StructureDefinition/br-core-practitioner,StructureDefinition/br-core-practitioner-role,StructureDefinition/br-core-patient","hl7.terminology.r4"
http://hl7.org/fhir/ValueSet/link-type,4.0.1,active,"2.16.840.1.113883.4.642.3.423",LinkType,LinkType,"The type of link between this patient resource and another patient resource.","StructureDefinition/br-core-patient","hl7.fhir.r4.core"
http://hl7.org/fhir/ValueSet/marital-status,4.0.1,active,"2.16.840.1.113883.4.642.3.29",Marital Status Codes,MaritalStatus,"This value set defines the set of codes that can be used to indicate the marital status of a person.","StructureDefinition/br-core-patient","THO (V3)"
http://hl7.org/fhir/ValueSet/name-use,4.0.1,active,"2.16.840.1.113883.4.642.3.65",NameUse,NameUse,"The use of a human name.","StructureDefinition/br-core-practitioner,StructureDefinition/br-core-patient","hl7.fhir.r4.core"
http://hl7.org/fhir/ValueSet/patient-contactrelationship,4.0.1,active,"2.16.840.1.113883.4.642.3.1130",PatientContactRelationship,Patient Contact Relationship ,"The nature of the relationship between the patient and the contact person.","StructureDefinition/br-core-patient","THO (V2)"
http://hl7.org/fhir/ValueSet/reaction-event-severity,4.0.1,draft,"2.16.840.1.113883.4.642.3.135",AllergyIntoleranceSeverity,AllergyIntoleranceSeverity,"Clinical assessment of the severity of a reaction event as a whole, potentially considering multiple different manifestations.","StructureDefinition/br-core-allergy-intolerance","hl7.fhir.r4.core"
http://hl7.org/fhir/ValueSet/resource-types,4.0.1,active,"2.16.840.1.113883.4.642.3.27",ResourceType,ResourceType,"One of the resource types defined as part of this version of FHIR.","StructureDefinition/br-core-allergy-intolerance,StructureDefinition/br-core-practitioner,StructureDefinition/br-core-patient","hl7.fhir.r4.core"
http://hl7.org/fhir/ValueSet/substance-code,4.0.1,draft,"2.16.840.1.113883.4.642.3.473",SubstanceCode,Substance Code,"This value set contains concept codes for specific substances. It includes codes from [SNOMED](http://snomed.info/sct) where concept is-a 105590001 (Substance (substance)) and where concept is-a 373873005 (Pharmaceutical / biologic product (product))","StructureDefinition/br-core-allergy-intolerance","SCT"
http://hl7.org/fhir/uv/ips/ValueSet/medicine-route-of-administration,1.1.0,active,,MedicineRouteOfAdministrationUvIps,Medicine Route of Administration - IPS,"EDQM (European Directorate for the Quality of Medicines and Healthcare) Route of Administration codes.  This Value Set includes all the EDQM Standard Terms having:   [Concept Status] = ‘Current’ AND   [Concept Class] = 'ROA' AND   [Domain] = 'Human and Veterinary'    ROA = 'Route of administration'","StructureDefinition/br-core-allergy-intolerance","Other"
https://ips.saude.gov.br/fhir/ValueSet/coren-br-ips,0.1.0,draft,,CORENBRIPS,Conselhos regionais de Enfermagem do Brasil,"Conjunto de todos os conselhos regionais de enfermagem do Brasil","StructureDefinition/br-core-practitioner","Other"
https://ips.saude.gov.br/fhir/ValueSet/crf-br-ips,0.1.0,draft,,CRFBRIPS,Conselhos regionais de Farmácia do Brasil,"Conjunto de todos os conselhos regionais de farmácia do Brasil","StructureDefinition/br-core-practitioner","Other"
https://ips.saude.gov.br/fhir/ValueSet/crm-br-ips,0.1.0,draft,,CRMBRIPS,Conselhos regionais de Medicina do Brasil,"Conjunto de todos os conselhos regionais de medicina do Brasil","StructureDefinition/br-core-practitioner","Other"
https://ips.saude.gov.br/fhir/ValueSet/cro-br-ips,0.1.0,draft,,CROBRIPS,Conselhos regionais de Odontologia do Brasil,"Conjunto de todos os conselhos regionais de farmácia do Brasil","StructureDefinition/br-core-practitioner","Other"
https://ips.saude.gov.br/fhir/ValueSet/outros-profissionais-br-ips,0.1.0,draft,,OutrosProfissionaisBRIPS,Conselhos regionais de outros profissionais da saúde do Brasil,"Conjunto de todos os conselhos regionais de outros profissionais da saúde do Brasil","StructureDefinition/br-core-practitioner","Other"
